[
  {
    "name": "BOT_TOKEN"
  },
  {
    "name": "BOT_OWNER"
  },
  {
    "name": "PREFIX",
    "defaultOption": "."
  },
  {
    "name": "MSG_DELETE_TIME",
    "defaultOption": "20"
  },
  {
    "name": "DB_FILE",
    "defaultOption": "CyberBot.db"
  },
  {
    "name": "AUTOBAN",
    "defaultOption": "true"
  },
  {
    "name": "AUTOBAN_WARNS",
    "defaultOption": "3"
  },
  {
    "name": "BAN_MSG_DELETE",
    "defaultOption": "0"
  },
  {
    "name": "CHANNEL_WARN",
    "defaultOption": "warnings"
  },
  {
    "name": "CHANNEL_BAN",
    "defaultOption": "bans"
  },
  {
    "name": "CHANNEL_REPORT",
    "defaultOption": "reports"
  },
  {
    "name": "CHANNEL_ROLES",
    "defaultOption": "roles"
  },
  {
    "name": "CHANNEL_INFO",
    "defaultOption": "info"
  },
  {
    "name": "CHANNEL_CRUSADE",
    "defaultOption": "crusade"
  },
  {
    "name": "CHANNEL_ERRORS",
    "defaultOption": "errors"
  },
  {
    "name": "ROLE_MUTED",
    "defaultOption": "muted"
  },
  {
    "name": "ROLE_VERIFIED",
    "defaultOption": "verified"
  }
]
